class_index,class_name,host_name,training_images,test_images,frequency_bin,dual_f1_pct_mean,flat_f1_pct_mean,dual_minus_flat_f1_pp
154,raspberry_spot,raspberry,11,4,1--25,48.52380952380952,25.333333333333332,23.190476190476186
129,peach_rust_bing,peach,5,2,1--25,46.666666666666664,26.666666666666664,20.0
147,plum_pocket_disease,plum,11,4,1--25,19.999999999999996,6.19047619047619,13.809523809523807
71,coffee_coffee_black_rot,coffee,3,2,1--25,19.999999999999996,6.666666666666666,13.33333333333333
155,raspberry_yellow_rust,raspberry,22,8,1--25,82.24439775910363,71.92600373482726,10.318394024276373
57,celery_celery_anthracnose,celery,18,6,1--25,48.58585858585859,40.17094017094017,8.414918414918418
173,tobacco,tobacco,45,14,26--100,50.259128633041676,42.027603619365635,8.231525013676041
122,maple_tar_spot,maple,16,5,1--25,21.904761904761905,14.404761904761903,7.500000000000002
113,grape_vine_roll_disease,grape,42,14,26--100,18.16349111276809,11.848167796443658,6.315323316324431
24,bean_rust,bean,29,10,26--100,11.166256516101717,4.969298245614035,6.1969582704876816
19,bean_bean_halo_blight,bean,35,12,26--100,33.30127085419439,27.15332636711947,6.147944487074923
212,zucchini_zucchini_downy_mildew,zucchini,27,9,26--100,63.840362939434144,57.738694999530914,6.10166793990323
94,eggplant_eggplant_cercospora_spot,eggplant,36,12,26--100,68.40969573692686,62.482579417362025,5.927116319564838
198,wheat_wheat_bacterial_streak_(black_chaff)_black_chaff_(),wheat,16,6,1--25,62.84848484848484,57.04273504273503,5.805749805749805
67,citrus_citrus_greening_disease,citrus,85,27,26--100,61.36318646286294,56.061425102213114,5.301761360649827
140,pepper_bell_spot,pepper,116,37,101--500,54.90478631831985,49.690317101150114,5.214469217169736
144,plum_plum_pocket_disease,plum,36,12,26--100,61.893766035642464,56.79885814668423,5.094907888958232
114,grape_vine_vine_roll_disease,grape,45,15,26--100,58.594627594627596,53.53651284858181,5.0581147460457885
23,bean_mosaic_virus,bean,41,13,26--100,21.37498366935707,17.08420926052505,4.290774408832021
127,peach_curl,peach,150,47,101--500,92.83616534793597,88.56635668605723,4.269808661878741
63,cherry_powdery_mildew,cherry,69,22,26--100,31.7267720365746,27.457281637711315,4.269490398863287
204,wheat_wheat_septoria_blotch,wheat,50,16,26--100,22.584911728839764,18.343322495323157,4.241589233516606
11,banana_banana_cigar_end_rot,banana,36,12,26--100,70.51477507999246,66.3245478650513,4.19022721494116
160,rice_sheath_blight,rice,109,34,101--500,64.20421240668279,60.174635997915985,4.0295764087668005
106,ginger_spot,ginger,35,11,26--100,17.531549834181412,13.529865701221201,4.001684132960211
68,citrus_greening_disease,citrus,66,21,26--100,45.67346445714918,41.69871386750084,3.9747505896483375
87,cucumber_bacterial_wilt,cucumber,22,7,1--25,23.684065934065934,20.004329004329005,3.6797369297369293
29,blueberry_rust,blueberry,71,23,26--100,40.84824469290767,37.36544234258237,3.4828023503253007
58,celery_celery_early_blight,celery,22,8,1--25,76.9467787114846,73.61129539535112,3.3354833161334767
25,blueberry_anthracnose,blueberry,26,8,26--100,86.4656862745098,83.23228414172686,3.233402132782942
117,lettuce_lettuce_downy_mildew,lettuce,52,17,26--100,70.80775113863349,67.67897590709643,3.1287752315370625
205,wheat_wheat_septoria_blotch_blotch_(),wheat,67,22,26--100,45.458818544144535,42.41257132186897,3.046247222275568
210,zucchini_yellow_mosaic_virus,zucchini,53,17,26--100,22.338921232569405,19.39545803658707,2.9434631959823356
138,pepper_bell_bell_powdery_mildew,pepper,17,6,1--25,57.82051282051282,54.92773892773893,2.8927738927738886
79,corn_blight,corn,121,38,101--500,42.78623908052815,39.91887365219584,2.867365428332306
82,corn_northern_blight,corn,133,42,101--500,44.01633609461283,41.19902127565281,2.8173148189600212
159,rice_rice_sheath_blight,rice,46,15,26--100,43.87794669839262,41.11660533326498,2.7613413651276417
93,eggplant_cercospora_spot,eggplant,14,5,1--25,27.3968253968254,24.826839826839823,2.569985569985576
163,soybean_downy_mildew,soybean,90,29,26--100,91.89822389881894,89.3365023482331,2.561721550585844
31,broccoli,broccoli,172,54,101--500,78.20367966621883,76.01650897990392,2.1871706863149143
88,cucumber_cucumber_angular_spot,cucumber,116,37,101--500,65.3661892356983,63.20281375390967,2.163375481788627
170,strawberry_anthracnose,strawberry,62,20,26--100,82.51297610936501,80.35326430343895,2.159711805926065
141,plum,plum,206,65,101--500,55.20173861605722,53.13558076098472,2.066157855072497
65,citrus_canker,citrus,90,28,26--100,31.69467867358437,29.632237975275785,2.062440698308585
146,plum_plum_rust,plum,22,7,1--25,62.45421245421245,60.41483516483517,2.039377289377285
177,tobacco_tobacco_frogeye_spot,tobacco,13,5,1--25,15.158730158730156,13.19047619047619,1.9682539682539666
112,grape_spot,grape,63,20,26--100,41.115019843572725,39.21524065680412,1.8997791867686047
51,cauliflower,cauliflower,122,39,101--500,77.79531260583892,75.92032538348329,1.874987222355628
109,grape_downy_mildew,grape,248,78,101--500,78.98689776867812,77.22143011165846,1.7654676570196557
101,garlic_rust,garlic,29,10,26--100,46.26753246753246,44.51213594146462,1.755396526067841
17,basil_downy_mildew,basil,14,5,1--25,28.8015873015873,27.06349206349206,1.7380952380952408
213,zucchini_zucchini_powdery_mildew,zucchini,130,41,101--500,43.22241685778701,41.58309281047675,1.6393240473102608
133,pepper_bell,pepper,189,59,101--500,75.47859824812244,73.87672833165615,1.6018699164662848
81,corn_healthy,corn,99,32,26--100,83.42310253824866,81.8873746743391,1.5357278639095568
91,cucumber_powdery_mildew,cucumber,28,9,26--100,38.616873065015476,37.095651080945196,1.52122198407028
118,lettuce_lettuce_mosaic_virus,lettuce,25,8,1--25,30.111888111888113,28.60939060939061,1.502497502497505
84,corn_smut,corn,186,59,101--500,95.93877192034071,94.50167028940281,1.437101630937903
22,bean_halo_blight,bean,35,12,26--100,9.654761904761905,8.380174291938998,1.2745876128229074
121,maple_maple_tar_spot,maple,72,23,26--100,84.95644948650491,83.75544124905826,1.2010082374466435
208,wheat_wheat_stripe_rust,wheat,210,66,101--500,92.13303286797978,90.98142920074179,1.1516036672379926
99,garlic_garlic_blight,garlic,58,19,26--100,38.86510723454769,37.72466261129052,1.1404446232571743
192,tomato_yellow_virus,tomato,48,15,26--100,24.610817668089034,23.48038917604135,1.1304284920476846
3,apple_mosaic_virus,apple,114,36,101--500,61.61696812113845,60.48868909344931,1.128279027689139
164,soybean_frog_eye_spot,soybean,135,43,101--500,84.69937411961476,83.58289012873375,1.116483990881008
207,wheat_wheat_stem_rust,wheat,90,28,26--100,86.2123928506492,85.14812746035247,1.0642653902967254
43,carrot_carrot_cavity_spot,carrot,46,15,26--100,93.14539965040521,92.0846443137878,1.0607553366174045
96,eggplant_eggplant_phytophthora_blight,eggplant,21,7,1--25,69.14685314685315,68.17349317349317,0.973359973359976
119,lettuce_mosaic_virus,lettuce,33,11,26--100,34.63377041637911,33.67705627705628,0.9567141393228269
66,citrus_citrus_canker,citrus,248,78,101--500,84.26279738174955,83.3079131220398,0.9548842597097433
26,blueberry_botrytis_blight,blueberry,22,8,1--25,74.3070818070818,73.38369963369964,0.9233821733821657
203,wheat_wheat_rust,wheat,82,26,26--100,74.15721349368587,73.28931266124368,0.8679008324421886
83,corn_rust,corn,218,69,101--500,84.17209074683977,83.38756605591428,0.7845246909254939
85,cucumber,cucumber,221,69,101--500,78.48316730273639,77.72492803761179,0.758239265124601
36,cabbage,cabbage,292,92,101--500,86.26269794393673,85.5610147997852,0.7016831441515308
120,maple,maple,202,64,101--500,92.44197120585518,91.78614739460079,0.6558238112543933
9,banana_banana_black_streak_banana_black_sigatoka_(),banana,47,15,26--100,35.419681163396405,34.78206978206978,0.6376113813266215
32,broccoli_broccoli_alternaria_spot,broccoli,39,13,26--100,19.827318419643227,19.201918295235604,0.6254001244076228
115,lettuce,lettuce,154,49,101--500,84.6883141977806,84.0862319837487,0.6020822140318955
70,coffee_coffee_berry_blotch,coffee,71,23,26--100,88.59385334152162,87.99794332448698,0.5959100170346403
148,potato_early_blight,potato,1758,550,>500,95.2885689090439,94.73372500470064,0.554843904343258
4,apple_rust,apple,250,79,101--500,77.66051891119388,77.19316814759765,0.4673507635962295
157,rice_blast,rice,42,13,26--100,38.713125039211995,38.24846892238197,0.46465611683002805
15,basil,basil,376,118,101--500,92.36339591193838,91.90755833484957,0.4558375770888148
97,garlic,garlic,145,46,101--500,83.87814010301676,83.47343517365611,0.4047049293606477
150,potato_late_blight,potato,1760,550,>500,96.32289069654726,95.94018092263028,0.3827097739169858
92,eggplant,eggplant,154,48,101--500,78.206882622883,77.82502329784724,0.38185932503576225
130,peach_scab,peach,48,15,26--100,88.93138760880696,88.56582242789139,0.3655651809155671
175,tobacco_tobacco_blue_mold,tobacco,37,12,26--100,71.54384423949641,71.18810175331915,0.3557424861772631
134,pepper_bell_bacterial_spot,pepper,638,200,>500,99.8007450325721,99.50147793274739,0.29926709982470356
55,celery,celery,134,42,101--500,92.41672059341687,92.15960845679744,0.2571121366194262
187,tomato_spider_mites_two-spotted_spider_mite,tomato,320,100,101--500,99.8009875989474,99.54671594062579,0.25427165832161336
185,tomato_mosaic_virus,tomato,1582,495,>500,94.80360998801744,94.55726545523738,0.24634453278005708
132,"pepper_,_bell_healthy",pepper,645,202,>500,99.77789941008332,99.53280049618189,0.24509891390142968
107,grape_black_rot,grape,1690,529,>500,98.30010982576081,98.05810462836364,0.24200519739717663
5,apple_scab,apple,1854,580,>500,95.79604856628954,95.57369359192369,0.2223549743658566
128,peach_healthy,peach,1553,486,>500,97.98816580147786,97.77461173878456,0.213554062693305
186,tomato_septoria_spot,tomato,1618,506,>500,93.44180313639373,93.24050447391112,0.20129866248261408
102,ginger,ginger,112,35,101--500,72.65616072727694,72.48870176114758,0.1674589661293595
131,"pepper_,_bell_bacterial_spot",pepper,892,279,>500,99.92837941566596,99.78590424866428,0.1424751670016775
165,soybean_healthy,soybean,1809,566,>500,97.25805036198663,97.12343213192426,0.1346182300623724
50,cassava_mosaic_disease,cassava,8421,2632,>500,95.19989370970676,95.075204221558,0.12468948814876057
149,potato_healthy,potato,1618,506,>500,97.41438133698277,97.29013425805223,0.12424707893053721
188,tomato_spider_mites_two_spotted_spider_mite,tomato,1072,336,>500,99.34278475829169,99.22316061155169,0.11962414673999433
139,pepper_bell_healthy,pepper,946,296,>500,99.59321936615784,99.47391295701655,0.11930640914128787
111,grape_healthy,grape,1526,477,>500,98.13120166643598,98.01920630978852,0.11199535664746918
78,corn_(maize)_northern_blight,corn,1526,477,>500,99.21552451823464,99.12126521125508,0.0942593069795663
182,tomato_healthy,tomato,2195,686,>500,98.01907864746197,97.9325978227188,0.08648082474316254
27,blueberry_healthy,blueberry,1703,533,>500,97.18718177547241,97.11239138803127,0.07479038744114064
172,strawberry_scorch,strawberry,1466,459,>500,99.53250116699157,99.48925818144002,0.04324298555154371
171,strawberry_healthy,strawberry,1644,514,>500,99.18012262094958,99.13987753501183,0.04024508593774101
60,cherry_(including_sour)_healthy,cherry,1460,457,>500,100.0,99.967236977116,0.032763022883997905
1,apple_cedar_rust,apple,1408,440,>500,100.0,99.97729852440409,0.02270147559590896
196,wheat_leafblight,wheat,854,268,>500,99.98137802607076,99.96275605214153,0.018621973929228375
200,wheat_wheat_head_scab,wheat,178,56,101--500,93.38439696334629,93.37133386307652,0.013063100269775418
179,tomato_bacterial_spot,tomato,1598,500,>500,90.903221364332,90.89146129538906,0.011760068942933799
123,orange_haunglongbing_(citrus_greening),orange,1608,503,>500,99.95026851838128,99.94031826962507,0.009950248756211977
110,grape_esca_(black_measles),grape,1536,480,>500,99.98959417273673,99.9895724713243,2.1701412435959355e-05
209,wheat_wheatblast,wheat,749,235,>500,99.95744680851064,99.95744661587422,1.9263642059286212e-07
108,grape_blight_(isariopsis_spot),grape,1377,431,>500,99.9768250289687,99.9768250289687,0.0
142,plum_plum_bacterial_spot,plum,10,4,1--25,0.0,0.0,0.0
137,pepper_bell_bell_frogeye_spot,pepper,18,6,1--25,0.0,0.0,0.0
52,cauliflower_alternaria_spot,cauliflower,23,8,1--25,0.0,0.0,0.0
40,cabbage_cabbage_black_rot_bing_-_copy,cabbage,1,1,1--25,0.0,0.0,0.0
59,celery_early_blight,celery,10,4,1--25,0.0,0.0,0.0
56,celery_anthracnose,celery,10,3,1--25,0.0,0.0,0.0
45,carrot_cavity_spot,carrot,1,1,1--25,0.0,0.0,0.0
206,wheat_wheat_septoria_blotchseptoria_(),wheat,10,4,1--25,0.0,0.0,0.0
34,broccoli_broccoli_ring_spot,broccoli,6,2,1--25,0.0,0.0,0.0
61,cherry_(including_sour)_powdery_mildew,cherry,1346,421,>500,99.80991939056881,99.81006060988918,-0.00014121932036914586
193,wheat_blackpoint,wheat,834,261,>500,99.84710930772262,99.84725484840207,-0.0001455406794548253
191,tomato_yellow_curl_virus,tomato,3422,1070,>500,97.9290898415741,97.93568966861937,-0.006599827045278062
54,cauliflower_cauliflower_bacterial_soft_rot,cauliflower,21,7,1--25,49.41391941391941,49.425574425574425,-0.011655011655015812
195,wheat_healthyleaf,wheat,800,250,>500,99.78059816621736,99.80055824605769,-0.01996007984033099
76,corn_(maize)_common_rust,corn,1526,477,>500,99.73751613316254,99.75867767044352,-0.021161537280974585
77,corn_(maize)_healthy,corn,1487,465,>500,99.88193960033206,99.90335280260737,-0.02141320227531196
189,tomato_target_spot,tomato,1463,458,>500,99.13851399566195,99.1602758288242,-0.02176183316224467
153,raspberry_healthy,raspberry,1614,505,>500,98.98475139526951,99.01424578325002,-0.029494387980506076
183,tomato_late_blight,tomato,1770,553,>500,94.77126395284382,94.8025835091661,-0.031319556322273456
75,corn_(maize)_cercospora_spot_gray_spot,corn,1313,411,>500,98.69507770004097,98.72986259462832,-0.03478489458734657
125,peach_bacterial_spot,peach,1470,460,>500,99.91316136934017,99.95659249942885,-0.043431130088677605
194,wheat_fusariumfootrot,wheat,798,250,>500,99.72119411150373,99.8007168162309,-0.07952270472716805
100,garlic_garlic_rust,garlic,67,22,26--100,66.65056917382499,66.74457995643576,-0.09401078261076634
48,cassava_green_mottle,cassava,1526,478,>500,76.98133338661322,77.08144234672685,-0.10010896011363002
0,apple_black_rot,apple,1698,531,>500,96.79483825431934,96.90014093308478,-0.1053026787654403
46,cassava_bacterial_blight,cassava,695,218,>500,61.3699632089991,61.475552472660524,-0.10558926366142174
2,apple_healthy,apple,1942,607,>500,95.03738525867456,95.15259000187008,-0.11520474319551965
62,cherry_healthy,cherry,216,68,101--500,80.09089580388432,80.21196382291065,-0.12106801902632469
73,coffee_coffee_rust,coffee,102,32,101--500,86.40955352113119,86.53073832714362,-0.12118480601243675
49,cassava_healthy,cassava,1649,516,>500,68.09027325736159,68.24742744346943,-0.15715418610784582
151,raspberry_fire_blight,raspberry,19,7,1--25,57.8005328005328,57.97902097902098,-0.17848817848818044
47,cassava_brown_streak_disease,cassava,1401,438,>500,78.04111290548816,78.24386870751141,-0.2027558020232476
41,cabbage_cabbage_downy_mildew,cabbage,54,17,26--100,62.98802155138797,63.23368874087968,-0.24566718949170507
169,squash_powdery_mildew,squash,1638,513,>500,92.78032317628355,93.02691487968536,-0.24659170340181902
184,tomato_mold,tomato,1738,544,>500,96.47533585044445,96.72438902058455,-0.2490531701401011
18,bean,bean,164,52,101--500,56.00038004563944,56.25553221619481,-0.25515217055536965
168,squash_healthy,squash,260,82,101--500,72.03076963641533,72.3051360315292,-0.27436639511387284
6,banana,banana,155,49,101--500,89.11629706701076,89.46021743158278,-0.34392036457201414
89,cucumber_cucumber_bacterial_wilt,cucumber,69,22,26--100,71.35036982420768,71.69466483623663,-0.34429501202895096
20,bean_bean_mosaic_virus,bean,36,12,26--100,29.284213875968,29.629051183609384,-0.3448373076413844
80,corn_gray_spot,corn,166,52,101--500,57.028456745393534,57.400149820507366,-0.3716930751138321
8,banana_banana_black_streak,banana,54,17,26--100,27.53888481378476,27.936803646688112,-0.3979188329033505
39,cabbage_cabbage_black_rot,cabbage,78,25,26--100,75.32708196516246,75.76099517375084,-0.433913208588379
126,peach_brown_rot,peach,109,34,101--500,84.93035317464333,85.37893571449467,-0.4485825398513441
10,banana_banana_bunchy_top,banana,90,29,26--100,90.32158692708666,90.82775584190179,-0.5061689148151345
202,wheat_wheat_powdery_mildew,wheat,167,53,101--500,86.47379082104344,86.99588721807426,-0.5220963970308219
28,blueberry_mummy_berry,blueberry,29,10,26--100,91.03842940685045,91.5672514619883,-0.5288220551378515
158,rice_rice_blast,rice,53,17,26--100,65.20912795912795,65.76583615902501,-0.5567081998970593
181,tomato_early_blight,tomato,1800,563,>500,92.91835362815945,93.50926881155202,-0.5909151833925677
14,banana_panama_disease,banana,95,30,26--100,61.90647825798966,62.51171481684939,-0.6052365588597297
90,cucumber_cucumber_powdery_mildew,cucumber,118,37,101--500,52.0544225690702,52.69410053816951,-0.63967796909931
136,pepper_bell_bell_blossom_end_rot,pepper,70,22,26--100,89.48338198284948,90.14622905074944,-0.6628470678999605
166,soybean_mosaic,soybean,74,23,26--100,57.894557524371194,58.64826148419585,-0.7537039598246551
98,garlic_blight,garlic,34,11,26--100,34.01392810088463,34.81707830295379,-0.8031502020691619
211,zucchini_zucchini_bacterial_wilt,zucchini,44,14,26--100,49.00149599940217,49.84759300457298,-0.8460970051708117
7,banana_banana_anthracnose,banana,44,14,26--100,79.02682273232885,79.97900444938821,-0.9521817170593607
145,plum_plum_pox_virus,plum,20,7,1--25,45.97979797979798,46.94871794871794,-0.9689199689199626
167,soybean_rust,soybean,74,24,26--100,55.627041359682686,56.69349260925287,-1.0664512495701857
176,tobacco_tobacco_brown_spot,tobacco,38,13,26--100,54.77128840755093,55.90788211786422,-1.1365937103132921
95,eggplant_eggplant_phomopsis_fruit_rot,eggplant,29,10,26--100,79.21079436559313,80.382368965893,-1.1715746002998628
37,cabbage_alternaria_spot,cabbage,41,13,26--100,33.04943044073479,34.274936657545354,-1.2255062168105653
135,pepper_bell_bell_bacterial_spot,pepper,45,14,26--100,48.99859307359307,50.266761574013096,-1.2681685004200247
201,wheat_wheat_loose_smut,wheat,122,39,101--500,94.83237251107451,96.18816571770158,-1.3557932066270695
156,rice,rice,160,51,101--500,79.88431272290202,81.28630249442865,-1.4019897715266296
143,plum_plum_brown_rot,plum,48,16,26--100,77.97358958246055,79.37763067103674,-1.404041088576193
72,coffee_coffee_brown_eye_spot,coffee,9,3,1--25,57.76190476190476,59.33333333333333,-1.5714285714285694
69,coffee,coffee,88,28,26--100,81.27527816920556,82.9578660545189,-1.682587885313339
12,banana_banana_cordana_spot,banana,32,11,26--100,62.66837441585052,64.41451668386652,-1.7461422680160013
86,cucumber_angular_spot,cucumber,43,14,26--100,17.264755686723653,19.066155261807435,-1.8013995750837815
197,wheat_wheat_bacterial_streak_(black_chaff),wheat,46,15,26--100,52.50974907445495,54.368304969504365,-1.8585558950494132
16,basil_basil_downy_mildew,basil,40,13,26--100,73.64935853196724,75.61611721611722,-1.9667586841499798
161,soybean_bacterial_blight,soybean,57,18,26--100,64.28298641059551,66.40414461002696,-2.1211581994314486
13,banana_banana_panama_disease,banana,40,13,26--100,33.27627187627188,35.58223616288132,-2.305964286609445
64,cherry_spot,cherry,144,45,101--500,52.675816783915046,55.13408483188125,-2.4582680479662073
180,tomato_black_spot,tomato,69,22,26--100,84.48696063500374,87.04372500013393,-2.556764365130192
74,coffee_rust,coffee,18,6,1--25,39.37085137085137,42.028860028860024,-2.6580086580086544
38,cabbage_cabbage_alternaria_spot,cabbage,35,12,26--100,21.714269305573655,24.52172416759241,-2.807454862018755
178,tobacco_tobacco_mosaic_virus,tobacco,26,9,26--100,40.45421245421245,43.557437144898444,-3.103224690685991
124,peach_anthracnose,peach,8,3,1--25,32.09523809523809,35.52380952380952,-3.4285714285714306
174,tobacco_mosaic_virus,tobacco,31,10,26--100,21.02255308891464,24.46897658584965,-3.446423496935008
42,carrot_carrot_alternaria_blight,carrot,38,12,26--100,69.89789196310934,73.37852437417655,-3.480632411067205
21,bean_bean_rust,bean,73,23,26--100,35.68479177615598,39.248631389503245,-3.5638396133472625
162,soybean_brown_spot,soybean,38,13,26--100,71.3787162852731,75.25101539584298,-3.872299110569884
33,broccoli_broccoli_downy_mildew,broccoli,18,6,1--25,0.0,4.166666666666666,-4.166666666666666
30,blueberry_scorch,blueberry,26,9,26--100,65.64989680082559,70.32301341589267,-4.673116615067087
103,ginger_ginger_sheath_blight,ginger,42,14,26--100,22.45129783727259,27.18679444052443,-4.735496603251839
199,wheat_wheat_bacterial_streak_(black_chaff)black_chaff_(),wheat,10,4,1--25,47.57142857142857,53.095238095238095,-5.5238095238095255
105,ginger_sheath_blight,ginger,12,4,1--25,26.547619047619047,32.42857142857143,-5.880952380952383
104,ginger_ginger_spot,ginger,16,5,1--25,29.14285714285714,35.42207792207792,-6.279220779220779
44,carrot_carrot_cercospora_blight_bing,carrot,10,4,1--25,28.452380952380953,34.904761904761905,-6.4523809523809526
53,cauliflower_cauliflower_alternaria_spot,cauliflower,29,9,26--100,4.314663664508865,10.831441348469212,-6.516777683960347
214,zucchini_zucchini_yellow_mosaic_virus,zucchini,61,19,26--100,29.723515300423855,36.70810412217105,-6.984588821747195
35,broccoli_downy_mildew,broccoli,22,8,1--25,1.5384615384615385,10.948717948717949,-9.41025641025641
152,raspberry_gray_mold,raspberry,24,8,1--25,55.600140056022404,65.22918816649467,-9.629048110472262
116,lettuce_downy_mildew,lettuce,19,7,1--25,1.6666666666666665,12.923945335710041,-11.257278669043375
190,tomato_two_spotted_spider_mites,tomato,1,1,1--25,10.0,30.0,-20.0
