"dataset","configuration","calibration","metric","seeds","mean","std","t_95ci_lower","t_95ci_upper"
"MultiCrop-88","dual_none","raw","ece15_pct","10","1.6289684882740523","0.11171722231588252","1.549050801772551","1.7088861747755535"
"MultiCrop-88","dual_none","raw","nll","10","0.127527798950835","0.0051332154561790615","0.12385571782433122","0.13119988007733877"
"MultiCrop-88","dual_none","raw","multiclass_brier","10","0.03878466117926997","0.0018625673989078701","0.03745226072759249","0.040117061630947456"
"MultiCrop-88","dual_none","raw","aurc","10","0.0012724164006119208","6.176971865049157e-05","0.0012282290057943348","0.0013166037954295067"
"MultiCrop-88","dual_none","temperature_scaled","ece15_pct","10","0.6029968696366611","0.0864466485388437","0.5411566626048524","0.6648370766684698"
"MultiCrop-88","dual_none","temperature_scaled","nll","10","0.0853814695080532","0.00251475447579844","0.08358252252692569","0.0871804164891807"
"MultiCrop-88","dual_none","temperature_scaled","multiclass_brier","10","0.0359705054933028","0.0013166628754394678","0.035028621612498714","0.03691238937410689"
"MultiCrop-88","dual_none","temperature_scaled","aurc","10","0.0013664554288907848","7.165204272060883e-05","0.0013151986453024257","0.0014177122124791439"
"MultiCrop-88","flat","raw","ece15_pct","10","1.6940408560213105","0.09450089761501995","1.6264389862903088","1.7616427257523122"
"MultiCrop-88","flat","raw","nll","10","0.1313714394193835","0.006772817368819588","0.12652645774160062","0.1362164210971664"
"MultiCrop-88","flat","raw","multiclass_brier","10","0.04031810238666248","0.0019931451530865786","0.03889229223676481","0.04174391253656015"
"MultiCrop-88","flat","raw","aurc","10","0.0014197097722075127","0.00014466693650923534","0.0013162212801074544","0.001523198264307571"
"MultiCrop-88","flat","temperature_scaled","ece15_pct","10","0.6408906323700913","0.09152649870489041","0.575416519440615","0.7063647452995675"
"MultiCrop-88","flat","temperature_scaled","nll","10","0.08831677272774928","0.004400740967382927","0.08516867228526609","0.09146487317023247"
"MultiCrop-88","flat","temperature_scaled","multiclass_brier","10","0.037054698307130964","0.00203952054241147","0.03559571320221183","0.038513683412050095"
"MultiCrop-88","flat","temperature_scaled","aurc","10","0.0015734274593333722","0.00014911222010528528","0.001466759002913803","0.0016800959157529413"
"Agri-Foundation-145k","dual_none","raw","ece15_pct","10","5.378170638938833","0.16354043645165042","5.261180858314798","5.495160419562868"
"Agri-Foundation-145k","dual_none","raw","nll","10","0.4569221380031527","0.017548866925655007","0.444368434855615","0.46947584115069035"
"Agri-Foundation-145k","dual_none","raw","multiclass_brier","10","0.12775761942048167","0.001384495659632771","0.1267672108890525","0.12874802795191084"
"Agri-Foundation-145k","dual_none","raw","aurc","10","0.007096757932369156","0.00020758856568272303","0.006948258018303806","0.007245257846434506"
"Agri-Foundation-145k","dual_none","temperature_scaled","ece15_pct","10","1.5603655458644514","0.13791538416990326","1.461706823356476","1.6590242683724268"
"Agri-Foundation-145k","dual_none","temperature_scaled","nll","10","0.29708012712085985","0.0031167715776725794","0.2948505230483836","0.2993097311933361"
"Agri-Foundation-145k","dual_none","temperature_scaled","multiclass_brier","10","0.11142331919558024","0.0011784208624126737","0.1105803276934926","0.11226631069766788"
"Agri-Foundation-145k","dual_none","temperature_scaled","aurc","10","0.007091192140984685","0.00017683654057291587","0.006964690900454763","0.007217693381514608"
"Agri-Foundation-145k","flat","raw","ece15_pct","10","5.446297708807115","0.1910711230046308","5.309613661430804","5.582981756183425"
"Agri-Foundation-145k","flat","raw","nll","10","0.47487251207050774","0.025769073431520215","0.4564384274303491","0.49330659671066635"
"Agri-Foundation-145k","flat","raw","multiclass_brier","10","0.12999468510780046","0.0010308740907089002","0.1292572422078074","0.13073212800779352"
"Agri-Foundation-145k","flat","raw","aurc","10","0.007185572502154044","0.0002890212143460073","0.006978819180494492","0.007392325823813597"
"Agri-Foundation-145k","flat","temperature_scaled","ece15_pct","10","1.7009863694970584","0.15687680725351874","1.588763462038852","1.8132092769552648"
"Agri-Foundation-145k","flat","temperature_scaled","nll","10","0.31143295820052586","0.003881325145020173","0.30865642545364946","0.31420949094740225"
"Agri-Foundation-145k","flat","temperature_scaled","multiclass_brier","10","0.11387767996127725","0.0015841031674200972","0.11274448082066528","0.11501087910188922"
"Agri-Foundation-145k","flat","temperature_scaled","aurc","10","0.007286066539847413","0.00025535860458754286","0.007103393998552168","0.007468739081142658"
"NPD-Rice-COCO-43","dual_none","raw","ece15_pct","10","0.39649583929495164","0.046572221979196825","0.3631800786749112","0.42981159991499207"
"NPD-Rice-COCO-43","dual_none","raw","nll","10","0.026760112400071805","0.0023406194713214905","0.0250857340969712","0.02843449070317241"
"NPD-Rice-COCO-43","dual_none","raw","multiclass_brier","10","0.010054892028371423","0.0007575087504709982","0.009513002912375395","0.01059678114436745"
"NPD-Rice-COCO-43","dual_none","raw","aurc","10","0.00015788153251971893","0.0001357300154583408","6.07861286116907e-05","0.00025497693642774716"
"NPD-Rice-COCO-43","dual_none","temperature_scaled","ece15_pct","10","0.22030578574468912","0.06541365908881623","0.17351167296953748","0.26709989851984073"
"NPD-Rice-COCO-43","dual_none","temperature_scaled","nll","10","0.020955809576502827","0.0014737035745991881","0.019901585547033595","0.02201003360597206"
"NPD-Rice-COCO-43","dual_none","temperature_scaled","multiclass_brier","10","0.009549045402765093","0.0006715151347150729","0.009068672413670976","0.01002941839185921"
"NPD-Rice-COCO-43","dual_none","temperature_scaled","aurc","10","0.00015638251466277862","0.00013573594748523868","5.9282867238342465e-05","0.00025348216208721477"
"NPD-Rice-COCO-43","flat","raw","ece15_pct","10","0.3957466391249635","0.04741581250453559","0.36182741019679565","0.42966586805313134"
"NPD-Rice-COCO-43","flat","raw","nll","10","0.026362106711569445","0.002893259409021611","0.024292393612510094","0.028431819810628797"
"NPD-Rice-COCO-43","flat","raw","multiclass_brier","10","0.010041537521697456","0.001093435919838724","0.009259340585185112","0.0108237344582098"
"NPD-Rice-COCO-43","flat","raw","aurc","10","0.0001519470975770154","0.00018854221084999744","1.7072124975160024e-05","0.0002868220701788708"
"NPD-Rice-COCO-43","flat","temperature_scaled","ece15_pct","10","0.1924521009947548","0.04952890988991843","0.15702125325892746","0.22788294873058212"
"NPD-Rice-COCO-43","flat","temperature_scaled","nll","10","0.02092165050976656","0.0019341089083348645","0.019538072345255644","0.022305228674277474"
"NPD-Rice-COCO-43","flat","temperature_scaled","multiclass_brier","10","0.009561294401028835","0.0010202992547077244","0.008831416282998907","0.010291172519058762"
"NPD-Rice-COCO-43","flat","temperature_scaled","aurc","10","0.00015814315994165597","0.00020469314828536797","1.1714502707222654e-05","0.0003045718171760893"
