"dataset","configuration","seed","logit_source","calibration","temperature","test_samples","accuracy_pct","ece15_pct","nll","multiclass_brier","aurc"
"NPD-Rice-COCO-43","flat","2026","native_manifest_val_test_logits","raw","1.0","9333","99.39997857066324","0.3827987877286412","0.02960303903230356","0.01023483712103115","0.00016332762207852254"
"NPD-Rice-COCO-43","flat","2026","native_manifest_val_test_logits","temperature_scaled","1.5863475089560872","9333","99.39997857066324","0.2424761175155079","0.022620168819439235","0.009769476958740747","0.00015570207345991856"
"NPD-Rice-COCO-43","flat","2027","native_manifest_val_test_logits","raw","1.0","9333","99.44283724418729","0.45602086491013627","0.03129778155271292","0.010172354185936637","0.0006825368654230822"
"NPD-Rice-COCO-43","flat","2027","native_manifest_val_test_logits","temperature_scaled","1.6447894787767032","9333","99.44283724418729","0.280489342354201","0.022667984308351232","0.009705300204591958","0.0007362230349593603"
"NPD-Rice-COCO-43","flat","2028","native_manifest_val_test_logits","raw","1.0","9333","99.4535519125683","0.37432847685432935","0.024574036354209978","0.009427799560389688","9.091768207367748e-05"
"NPD-Rice-COCO-43","flat","2028","native_manifest_val_test_logits","temperature_scaled","1.5704243404652602","9333","99.4535519125683","0.188279104594105","0.019342904123996817","0.008957895841117265","9.239332224333077e-05"
"NPD-Rice-COCO-43","flat","2029","native_manifest_val_test_logits","raw","1.0","9333","99.48569591771135","0.37563333929454806","0.024985383026569337","0.009023236720703761","8.475776953065814e-05"
"NPD-Rice-COCO-43","flat","2029","native_manifest_val_test_logits","temperature_scaled","1.7148144450450207","9333","99.48569591771135","0.14796379579957694","0.018938638167728852","0.008564750830513248","8.654998693542099e-05"
"NPD-Rice-COCO-43","flat","2030","native_manifest_val_test_logits","raw","1.0","9333","99.34640522875817","0.4238288743211405","0.02864173798197977","0.011157468377919111","0.00010163633706134765"
"NPD-Rice-COCO-43","flat","2030","native_manifest_val_test_logits","temperature_scaled","1.5149818060793523","9333","99.34640522875817","0.2237293515662369","0.02344428818583641","0.010756612125510902","0.00010323179350432715"
"NPD-Rice-COCO-43","flat","2031","native_manifest_val_test_logits","raw","1.0","9333","99.42140790742526","0.3749940664552766","0.023515474654830684","0.009726569539985559","6.585622540365303e-05"
"NPD-Rice-COCO-43","flat","2031","native_manifest_val_test_logits","temperature_scaled","1.4396703048341284","9333","99.42140790742526","0.16304124049230195","0.019592448326371973","0.00920666222835587","6.594695630891217e-05"
"NPD-Rice-COCO-43","flat","2032","native_manifest_val_test_logits","raw","1.0","9333","99.3035465552341","0.4485014044729025","0.026891663976730068","0.011589048368042627","8.740527121813358e-05"
"NPD-Rice-COCO-43","flat","2032","native_manifest_val_test_logits","temperature_scaled","1.53643169428916","9333","99.3035465552341","0.21205961162032685","0.021789118190689807","0.01091141065862415","8.730379526193588e-05"
"NPD-Rice-COCO-43","flat","2033","native_manifest_val_test_logits","raw","1.0","9333","99.31426122361513","0.4503620754129899","0.027708465400215945","0.011546586309623592","0.00010096290215943751"
"NPD-Rice-COCO-43","flat","2033","native_manifest_val_test_logits","temperature_scaled","1.5188242821088085","9333","99.31426122361513","0.18183448820671033","0.022910410581225418","0.010934637415511664","0.00010148918101280863"
"NPD-Rice-COCO-43","flat","2034","native_manifest_val_test_logits","raw","1.0","9333","99.50712525447337","0.3097530483204782","0.023122655691279363","0.008614104772099743","8.194709783482433e-05"
"NPD-Rice-COCO-43","flat","2034","native_manifest_val_test_logits","temperature_scaled","1.4556079623650182","9333","99.50712525447337","0.1774118998843926","0.01956195898358246","0.00843104005781142","8.897147030171326e-05"
"NPD-Rice-COCO-43","flat","2035","native_manifest_val_test_logits","raw","1.0","9333","99.41069323904426","0.3612454534791926","0.02328082944486282","0.008923370261242684","6.0123202986817425e-05"
"NPD-Rice-COCO-43","flat","2035","native_manifest_val_test_logits","temperature_scaled","1.6861071541090542","9333","99.41069323904426","0.10723605791418854","0.018348585410443406","0.008375157689511118","6.3619985428832e-05"
"NPD-Rice-COCO-43","dual_none","2026","native_manifest_val_test_logits","raw","1.0","9333","99.34640522875817","0.4092721731911599","0.029443626556017153","0.011156779051403207","0.0002340062995200711"
"NPD-Rice-COCO-43","dual_none","2026","native_manifest_val_test_logits","temperature_scaled","1.4838896133195574","9333","99.34640522875817","0.2327385255093589","0.02351989746135987","0.010688551538344498","0.00022452610550532815"
"NPD-Rice-COCO-43","dual_none","2027","native_manifest_val_test_logits","raw","1.0","9333","99.4535519125683","0.3681286679500082","0.023932791029947924","0.009145463880992332","0.0001813052675310791"
"NPD-Rice-COCO-43","dual_none","2027","native_manifest_val_test_logits","temperature_scaled","1.584796474863837","9333","99.4535519125683","0.10546999128428552","0.019195155666655226","0.008660308133705328","0.0001829155896075408"
"NPD-Rice-COCO-43","dual_none","2028","native_manifest_val_test_logits","raw","1.0","9333","99.43212257580628","0.3482851231558083","0.02728934754367714","0.009927589376549844","0.0005071379201712332"
"NPD-Rice-COCO-43","dual_none","2028","native_manifest_val_test_logits","temperature_scaled","1.4801665449873878","9333","99.43212257580628","0.2482183709789989","0.022244343035153","0.009619206814225855","0.0005091136564738343"
"NPD-Rice-COCO-43","dual_none","2029","native_manifest_val_test_logits","raw","1.0","9333","99.37854923390121","0.4336621127058255","0.029936348498739995","0.010501757476955104","0.00017912479567342438"
"NPD-Rice-COCO-43","dual_none","2029","native_manifest_val_test_logits","temperature_scaled","1.6802002903509894","9333","99.37854923390121","0.29286064852101273","0.022387723884508416","0.009938466794223185","0.00017066746416784622"
"NPD-Rice-COCO-43","dual_none","2030","native_manifest_val_test_logits","raw","1.0","9333","99.41069323904426","0.3565033125450898","0.024315797279454553","0.00935921583262422","8.125120739877393e-05"
"NPD-Rice-COCO-43","dual_none","2030","native_manifest_val_test_logits","temperature_scaled","1.508787592962671","9333","99.41069323904426","0.2531509421429962","0.020259919497357514","0.009128924793005824","8.441674505780152e-05"
"NPD-Rice-COCO-43","dual_none","2031","native_manifest_val_test_logits","raw","1.0","9333","99.41069323904426","0.34039649889936513","0.02330784279896254","0.009586065930760817","7.178941985424607e-05"
"NPD-Rice-COCO-43","dual_none","2031","native_manifest_val_test_logits","temperature_scaled","1.5739718271834813","9333","99.41069323904426","0.18077858139509845","0.019083376581424377","0.009181796893387977","6.965356937145045e-05"
"NPD-Rice-COCO-43","dual_none","2032","native_manifest_val_test_logits","raw","1.0","9333","99.39997857066324","0.4059149591032321","0.02700875240180354","0.009716272009030786","7.78037123686287e-05"
"NPD-Rice-COCO-43","dual_none","2032","native_manifest_val_test_logits","temperature_scaled","1.6481982532331274","9333","99.39997857066324","0.23323924108290633","0.020165487704334982","0.009075843948236764","7.460973818945384e-05"
"NPD-Rice-COCO-43","dual_none","2033","native_manifest_val_test_logits","raw","1.0","9333","99.37854923390121","0.4831841311537306","0.029013993548811477","0.011301456922121847","8.247258253455416e-05"
"NPD-Rice-COCO-43","dual_none","2033","native_manifest_val_test_logits","temperature_scaled","1.5712365981909373","9333","99.37854923390121","0.3202846698287238","0.02190902232176489","0.010526156284382417","8.163436092444162e-05"
"NPD-Rice-COCO-43","dual_none","2034","native_manifest_val_test_logits","raw","1.0","9333","99.3678345655202","0.4425378585771373","0.027265483959691052","0.010428300839365268","7.427363999146641e-05"
"NPD-Rice-COCO-43","dual_none","2034","native_manifest_val_test_logits","temperature_scaled","1.7327671234612378","9333","99.3678345655202","0.1891634614978934","0.02031874557774775","0.009676434351416786","7.464313053159534e-05"
"NPD-Rice-COCO-43","dual_none","2035","native_manifest_val_test_logits","raw","1.0","9333","99.39997857066324","0.37707355566815964","0.026087140383612695","0.009426018963910796","8.965048015371233e-05"
"NPD-Rice-COCO-43","dual_none","2035","native_manifest_val_test_logits","temperature_scaled","1.666475015393645","9333","99.39997857066324","0.14715342520561697","0.020474424034722265","0.008994764476722285","9.164478679849369e-05"
"MultiCrop-88","flat","2026","native_manifest_val_test_logits","raw","1.0","7769","97.34843609216115","1.669628388627207","0.1312757947189534","0.04473762184734476","0.0014428793536237412"
"MultiCrop-88","flat","2026","native_manifest_val_test_logits","temperature_scaled","1.6800900299535526","7769","97.34843609216115","0.8226980768086068","0.09902898560858503","0.042254252042102716","0.0014972289619334138"
"MultiCrop-88","flat","2027","native_manifest_val_test_logits","raw","1.0","7769","97.54151113399408","1.6901734273475744","0.13386899024937807","0.04049258712452627","0.0016025609091382357"
"MultiCrop-88","flat","2027","native_manifest_val_test_logits","temperature_scaled","1.8614482186158428","7769","97.54151113399408","0.6350656421686087","0.09083047832455801","0.03725666762759084","0.0018283165097487627"
"MultiCrop-88","flat","2028","native_manifest_val_test_logits","raw","1.0","7769","97.79894452310465","1.5770046760837382","0.12072469881958318","0.03758032334938786","0.0012369111053425123"
"MultiCrop-88","flat","2028","native_manifest_val_test_logits","temperature_scaled","1.8497398600208257","7769","97.79894452310465","0.6173815048954092","0.0845298976027359","0.035258360588130824","0.001363651347054456"
"MultiCrop-88","flat","2029","native_manifest_val_test_logits","raw","1.0","7769","97.60586948127172","1.793284699929772","0.1374920577757139","0.041481994969395135","0.0013377018217866686"
"MultiCrop-88","flat","2029","native_manifest_val_test_logits","temperature_scaled","1.9538360897045548","7769","97.60586948127172","0.710029198382597","0.08908962086040549","0.03783857709733001","0.0014770302667812573"
"MultiCrop-88","flat","2030","native_manifest_val_test_logits","raw","1.0","7769","97.76032951473806","1.7503052301216164","0.1370059793466684","0.039729849841059976","0.0013512695318504252"
"MultiCrop-88","flat","2030","native_manifest_val_test_logits","temperature_scaled","2.001359817597289","7769","97.76032951473806","0.5402561535881972","0.08805624479139455","0.03626722411797869","0.0015526133592757177"
"MultiCrop-88","flat","2031","native_manifest_val_test_logits","raw","1.0","7769","97.68309949800489","1.7575184871747016","0.13634010350854955","0.04081643327495225","0.0016131344566686"
"MultiCrop-88","flat","2031","native_manifest_val_test_logits","temperature_scaled","1.9992240780394748","7769","97.68309949800489","0.7014552512565615","0.08723614163304323","0.03647313531208081","0.0017885300807568155"
"MultiCrop-88","flat","2032","native_manifest_val_test_logits","raw","1.0","7769","97.69597116746041","1.6865243422139706","0.13440425165624514","0.03966202945159172","0.0012253978853817866"
"MultiCrop-88","flat","2032","native_manifest_val_test_logits","temperature_scaled","1.9752906897877516","7769","97.69597116746041","0.6079564508532226","0.0868150434065619","0.03674349037659596","0.001434961983263573"
"MultiCrop-88","flat","2033","native_manifest_val_test_logits","raw","1.0","7769","97.6444844896383","1.8220312448957596","0.13672233720144458","0.04082964829941111","0.0014737591464743607"
"MultiCrop-88","flat","2033","native_manifest_val_test_logits","temperature_scaled","1.9525492665234285","7769","97.6444844896383","0.6411885082402726","0.08879250539200605","0.03704647308351893","0.0016451900066721988"
"MultiCrop-88","flat","2034","native_manifest_val_test_logits","raw","1.0","7769","97.79894452310465","1.514092502762552","0.1198307076641511","0.037882552767176954","0.0013368953470334554"
"MultiCrop-88","flat","2034","native_manifest_val_test_logits","temperature_scaled","1.8996817866017797","7769","97.79894452310465","0.49225345870959386","0.0830153361719007","0.03475111813195643","0.0015233156176124682"
"MultiCrop-88","flat","2035","native_manifest_val_test_logits","raw","1.0","7769","97.69597116746041","1.6798455610562126","0.12604947325314783","0.0399679829417788","0.001576588164775341"
"MultiCrop-88","flat","2035","native_manifest_val_test_logits","temperature_scaled","1.8789876397085392","7769","97.69597116746041","0.6406220787978432","0.08577347348630202","0.03665768469402443","0.0016234364602350586"
"MultiCrop-88","dual_none","2026","native_manifest_val_test_logits","raw","1.0","7769","97.54151113399408","1.8722822666795202","0.1387000683261281","0.042425569352909594","0.0012745409833954022"
"MultiCrop-88","dual_none","2026","native_manifest_val_test_logits","temperature_scaled","1.9501020225774335","7769","97.54151113399408","0.7725701264343122","0.09028264867390354","0.03860186282820354","0.0013592281848098077"
"MultiCrop-88","dual_none","2027","native_manifest_val_test_logits","raw","1.0","7769","97.68309949800489","1.6660381288826984","0.12982569928606677","0.03976208052943303","0.0012728461461098172"
"MultiCrop-88","dual_none","2027","native_manifest_val_test_logits","temperature_scaled","1.969586022666724","7769","97.68309949800489","0.5346414782935545","0.08545549527775115","0.03615817916182936","0.0013599150129062541"
"MultiCrop-88","dual_none","2028","native_manifest_val_test_logits","raw","1.0","7769","97.65735615909384","1.626491505029872","0.1298752652519379","0.03957499201212059","0.001374141852470658"
"MultiCrop-88","dual_none","2028","native_manifest_val_test_logits","temperature_scaled","1.9213471294369744","7769","97.65735615909384","0.6322661385332518","0.0873263486533553","0.037103915228864866","0.0014763124794442352"
"MultiCrop-88","dual_none","2029","native_manifest_val_test_logits","raw","1.0","7769","97.76032951473806","1.5113817014076465","0.1204757666005278","0.03693824991982505","0.0011898454871626658"
"MultiCrop-88","dual_none","2029","native_manifest_val_test_logits","temperature_scaled","1.8867415452230052","7769","97.76032951473806","0.4398652184076538","0.0840720390120543","0.03480436526959279","0.0012385263685727463"
"MultiCrop-88","dual_none","2030","native_manifest_val_test_logits","raw","1.0","7769","97.6444844896383","1.6922177301555","0.12342233781331152","0.039298205714450384","0.0012558969799913958"
"MultiCrop-88","dual_none","2030","native_manifest_val_test_logits","temperature_scaled","1.930836314622211","7769","97.6444844896383","0.661498375722652","0.08306931291978524","0.03618520200796163","0.0014141503150520917"
"MultiCrop-88","dual_none","2031","native_manifest_val_test_logits","raw","1.0","7769","97.74745784528254","1.6048968911506791","0.12768645521175154","0.03859437864015081","0.0012797186762891696"
"MultiCrop-88","dual_none","2031","native_manifest_val_test_logits","temperature_scaled","1.955550989878226","7769","97.74745784528254","0.580356438483675","0.084753922629671","0.03577084259161634","0.001300764458484969"
"MultiCrop-88","dual_none","2032","native_manifest_val_test_logits","raw","1.0","7769","97.88904620929334","1.472340938078809","0.1220693253284125","0.03574876898352902","0.0011782340547244817"
"MultiCrop-88","dual_none","2032","native_manifest_val_test_logits","temperature_scaled","1.989712574170052","7769","97.88904620929334","0.5656589945677858","0.08108240558616067","0.0338008690302925","0.001310274085292736"
"MultiCrop-88","dual_none","2033","native_manifest_val_test_logits","raw","1.0","7769","97.81181619256017","1.540774184397173","0.12843834966165354","0.03704157215322509","0.0012626169879518705"
"MultiCrop-88","dual_none","2033","native_manifest_val_test_logits","temperature_scaled","1.957984656977257","7769","97.81181619256017","0.606361755683013","0.08490981918127673","0.0349146780277155","0.001349176393120386"
"MultiCrop-88","dual_none","2034","native_manifest_val_test_logits","raw","1.0","7769","97.68309949800489","1.651079425533428","0.1288529592329601","0.0393384372513701","0.0012752021896619932"
"MultiCrop-88","dual_none","2034","native_manifest_val_test_logits","temperature_scaled","1.9481855959797363","7769","97.68309949800489","0.6018281975202915","0.08582187720647447","0.03616454627033847","0.0014320232175711327"
"MultiCrop-88","dual_none","2035","native_manifest_val_test_logits","raw","1.0","7769","97.65735615909384","1.6521821114251969","0.12593176279560006","0.03912435723568611","0.0013611206483617523"
"MultiCrop-88","dual_none","2035","native_manifest_val_test_logits","temperature_scaled","1.8995180921450876","7769","97.65735615909384","0.6349219727204215","0.08704082594009957","0.036200594516613005","0.001424183773653491"
"Agri-Foundation-145k","flat","2031","native_manifest_val_test_logits","raw","1.0","29041","92.06294549085776","5.647327536845949","0.49437761648569434","0.13199769947668158","0.00723985613099034"
"Agri-Foundation-145k","flat","2031","native_manifest_val_test_logits","temperature_scaled","2.148367753546687","29041","92.06294549085776","1.7532894291432035","0.31516719541444155","0.11505754746073359","0.007489392254673744"
"Agri-Foundation-145k","flat","2032","native_manifest_val_test_logits","raw","1.0","29041","92.19379497951172","5.5913542416507","0.48985542316852293","0.13083039799242668","0.007023628494391221"
"Agri-Foundation-145k","flat","2032","native_manifest_val_test_logits","temperature_scaled","2.205860420019075","29041","92.19379497951172","1.7196914367035716","0.30769661939324555","0.1130528715722698","0.007122177889582483"
"Agri-Foundation-145k","flat","2033","native_manifest_val_test_logits","raw","1.0","29041","92.29365379980028","5.488025045956843","0.4967154407391557","0.12967035552924513","0.007077792705611206"
"Agri-Foundation-145k","flat","2033","native_manifest_val_test_logits","temperature_scaled","2.2026250054996432","29041","92.29365379980028","1.8966002460602354","0.3114982148152388","0.11343673847894777","0.007221950775432473"
"Agri-Foundation-145k","flat","2034","native_manifest_val_test_logits","raw","1.0","29041","92.20412520230019","5.549208606043833","0.4878308503302089","0.13007278315038756","0.007048278372823306"
"Agri-Foundation-145k","flat","2034","native_manifest_val_test_logits","temperature_scaled","2.1909294910648045","29041","92.20412520230019","1.7272587997877762","0.3081974757265929","0.11322521155676414","0.007137723586754366"
"Agri-Foundation-145k","flat","2035","native_manifest_val_test_logits","raw","1.0","29041","92.29709720739643","5.498206649578669","0.48846974274496","0.12934436779748937","0.006882521493660993"
"Agri-Foundation-145k","flat","2035","native_manifest_val_test_logits","temperature_scaled","2.1907508210317888","29041","92.29709720739643","1.8332674019180963","0.3087187993225044","0.11274963015707155","0.007049765914249066"
"Agri-Foundation-145k","dual_none","2031","native_manifest_val_test_logits","raw","1.0","29041","92.05950208326159","5.488057915227196","0.45724022517424073","0.1302364321568286","0.00724447953236997"
"Agri-Foundation-145k","dual_none","2031","native_manifest_val_test_logits","temperature_scaled","2.093851484498341","29041","92.05950208326159","1.65710734043782","0.300459267576672","0.11316309703946645","0.007237658873788749"
"Agri-Foundation-145k","dual_none","2032","native_manifest_val_test_logits","raw","1.0","29041","92.39006921249269","5.39635100504316","0.46216743563945223","0.1270280322249137","0.007026310723013616"
"Agri-Foundation-145k","dual_none","2032","native_manifest_val_test_logits","temperature_scaled","2.1635106608129617","29041","92.39006921249269","1.673146481028913","0.2939031108120062","0.11061472692527022","0.007047603956903705"
"Agri-Foundation-145k","dual_none","2033","native_manifest_val_test_logits","raw","1.0","29041","92.42794669605041","5.343504887434611","0.45940033468203745","0.12618252588491832","0.00678392415762588"
"Agri-Foundation-145k","dual_none","2033","native_manifest_val_test_logits","temperature_scaled","2.169868612194525","29041","92.42794669605041","1.62074367954823","0.2928578640583051","0.109760198876289","0.006811822130941447"
"Agri-Foundation-145k","dual_none","2034","native_manifest_val_test_logits","raw","1.0","29041","92.24888950105023","5.44089180257661","0.46128027740096456","0.12842891923567865","0.00705490113207694"
"Agri-Foundation-145k","dual_none","2034","native_manifest_val_test_logits","temperature_scaled","2.146096349456295","29041","92.24888950105023","1.4715619016549528","0.2972702176751005","0.11172361807822435","0.007048678985054483"
"Agri-Foundation-145k","dual_none","2035","native_manifest_val_test_logits","raw","1.0","29041","92.19035157191556","5.53916217520878","0.4680829855829144","0.12910712736831956","0.006946600792870476"
"Agri-Foundation-145k","dual_none","2035","native_manifest_val_test_logits","temperature_scaled","2.171250563734474","29041","92.19035157191556","1.6758523967494245","0.29804895852754043","0.11176954876201946","0.006979046477712882"
"Agri-Foundation-145k","flat","2026","combined_controlled_logits","raw","1.0","29041","91.7943596983575","4.97904325952398","0.42173179039526704","0.12993712176866654","0.007937189072077171"
"Agri-Foundation-145k","flat","2026","combined_controlled_logits","temperature_scaled","1.7559222791893623","29041","91.7943596983575","1.3489981663355564","0.31967812669879","0.11762970525942887","0.007923998126540299"
"Agri-Foundation-145k","flat","2027","combined_controlled_logits","raw","1.0","29041","92.27988016941565","5.3828215252791045","0.4688194373652945","0.12861015465304412","0.007154984290865245"
"Agri-Foundation-145k","flat","2027","combined_controlled_logits","temperature_scaled","2.089235325382532","29041","92.27988016941565","1.7701591864128168","0.3073149779846238","0.1125261919460131","0.007174826864208269"
"Agri-Foundation-145k","flat","2028","combined_controlled_logits","raw","1.0","29041","92.22134224028098","5.579483709942084","0.49521508466050573","0.1304180034395098","0.007069404092123553"
"Agri-Foundation-145k","flat","2028","combined_controlled_logits","temperature_scaled","2.2079378612355525","29041","92.22134224028098","1.7820429520998018","0.31149152545368497","0.11322831998643508","0.007160238781367103"
"Agri-Foundation-145k","flat","2029","combined_controlled_logits","raw","1.0","29041","92.20068179470404","5.400891450497582","0.46505329384393185","0.12858592098710478","0.007111874183843084"
"Agri-Foundation-145k","flat","2029","combined_controlled_logits","temperature_scaled","2.0378723509937426","29041","92.20068179470404","1.559731823800924","0.31097032937977725","0.11286597210171603","0.0072627502011183035"
"Agri-Foundation-145k","flat","2030","combined_controlled_logits","raw","1.0","29041","91.95964326297303","5.346615062752399","0.4406564409715361","0.13048004628344892","0.007310196185154333"
"Agri-Foundation-145k","flat","2030","combined_controlled_logits","temperature_scaled","1.8795030996386968","29041","91.95964326297303","1.6188242527086025","0.3135963178163595","0.11500461109339243","0.007317841004548041"
"Agri-Foundation-145k","dual_none","2026","combined_controlled_logits","raw","1.0","29041","92.2764367618195","5.401902604157614","0.4537104282235031","0.12729719763726335","0.006952408536536578"
"Agri-Foundation-145k","dual_none","2026","combined_controlled_logits","temperature_scaled","2.160366141479614","29041","92.2764367618195","1.5056523012791903","0.2934693551530164","0.11033322920082027","0.006938617888425597"
"Agri-Foundation-145k","dual_none","2027","combined_controlled_logits","raw","1.0","29041","92.155917495954","4.960425275836991","0.40978472804539423","0.12555733603531327","0.007397733265494937"
"Agri-Foundation-145k","dual_none","2027","combined_controlled_logits","temperature_scaled","1.8829972361832035","29041","92.155917495954","1.2203778510016896","0.2983458604106602","0.11212392986117596","0.0072549196077912855"
"Agri-Foundation-145k","dual_none","2028","combined_controlled_logits","raw","1.0","29041","92.40384284287731","5.4283236670086925","0.46985252496394314","0.1273238837541013","0.006958014167887508"
"Agri-Foundation-145k","dual_none","2028","combined_controlled_logits","temperature_scaled","2.1915473141906245","29041","92.40384284287731","1.5732778538338508","0.2966177172167794","0.11053148433374228","0.00696672486461033"
"Agri-Foundation-145k","dual_none","2029","combined_controlled_logits","raw","1.0","29041","92.24200268585793","5.29330349738313","0.4568198217606237","0.12850401480115697","0.007411813201375255"
"Agri-Foundation-145k","dual_none","2029","combined_controlled_logits","temperature_scaled","2.061774055533364","29041","92.24200268585793","1.5724986826958824","0.30275994985662463","0.11320961331301298","0.007338962906973849"
"Agri-Foundation-145k","dual_none","2030","combined_controlled_logits","raw","1.0","29041","92.31775765297338","5.489783559511546","0.4708826185584537","0.12791072510632304","0.007191393814440405"
"Agri-Foundation-145k","dual_none","2030","combined_controlled_logits","temperature_scaled","2.1851646008002175","29041","92.31775765297338","1.6334369704145608","0.29706896992189374","0.11100374556578158","0.007287885717644522"
