"dataset","comparison","candidate","reference","seed","metric","direction_of_improvement","candidate_value_pct","reference_value_pct","paired_difference_pp","within_equivalence_margin"
"MultiCrop-88","dual_none_minus_flat","dual_none","flat","2026","accuracy_pct","higher_is_better","97.54151113399408","97.34843609216115","0.19307504183292679","True"
"MultiCrop-88","dual_none_minus_flat","dual_none","flat","2027","accuracy_pct","higher_is_better","97.68309949800489","97.54151113399408","0.14158836401081487","True"
"MultiCrop-88","dual_none_minus_flat","dual_none","flat","2028","accuracy_pct","higher_is_better","97.65735615909384","97.79894452310465","-0.14158836401081487","True"
"MultiCrop-88","dual_none_minus_flat","dual_none","flat","2029","accuracy_pct","higher_is_better","97.76032951473806","97.60586948127172","0.15446003346633574","True"
"MultiCrop-88","dual_none_minus_flat","dual_none","flat","2030","accuracy_pct","higher_is_better","97.6444844896383","97.76032951473806","-0.11584502509975891","True"
"MultiCrop-88","dual_none_minus_flat","dual_none","flat","2031","accuracy_pct","higher_is_better","97.74745784528254","97.68309949800489","0.064358347277647","True"
"MultiCrop-88","dual_none_minus_flat","dual_none","flat","2032","accuracy_pct","higher_is_better","97.88904620929334","97.69597116746041","0.19307504183292679","True"
"MultiCrop-88","dual_none_minus_flat","dual_none","flat","2033","accuracy_pct","higher_is_better","97.81181619256017","97.6444844896383","0.16733170292187083","True"
"MultiCrop-88","dual_none_minus_flat","dual_none","flat","2034","accuracy_pct","higher_is_better","97.68309949800489","97.79894452310465","-0.11584502509975891","True"
"MultiCrop-88","dual_none_minus_flat","dual_none","flat","2035","accuracy_pct","higher_is_better","97.65735615909384","97.69597116746041","-0.03861500836657683","True"
"MultiCrop-88","dual_none_minus_flat","dual_none","flat","2026","macro_f1_pct","higher_is_better","94.99792700303868","94.54297447128445","0.45495253175423045","False"
"MultiCrop-88","dual_none_minus_flat","dual_none","flat","2027","macro_f1_pct","higher_is_better","95.2619521305462","95.07704631663579","0.18490581391041871","True"
"MultiCrop-88","dual_none_minus_flat","dual_none","flat","2028","macro_f1_pct","higher_is_better","95.01321898236993","95.3111313479647","-0.29791236559476886","False"
"MultiCrop-88","dual_none_minus_flat","dual_none","flat","2029","macro_f1_pct","higher_is_better","95.67532880509788","94.68193488708127","0.9933939180166078","False"
"MultiCrop-88","dual_none_minus_flat","dual_none","flat","2030","macro_f1_pct","higher_is_better","94.83125153378292","95.40401452288549","-0.5727629891025714","False"
"MultiCrop-88","dual_none_minus_flat","dual_none","flat","2031","macro_f1_pct","higher_is_better","95.25180328761756","95.19592598483496","0.05587730278260494","True"
"MultiCrop-88","dual_none_minus_flat","dual_none","flat","2032","macro_f1_pct","higher_is_better","95.397340892425","95.21359305012666","0.18374784229834518","True"
"MultiCrop-88","dual_none_minus_flat","dual_none","flat","2033","macro_f1_pct","higher_is_better","95.62270183696756","95.56591413358947","0.05678770337809169","True"
"MultiCrop-88","dual_none_minus_flat","dual_none","flat","2034","macro_f1_pct","higher_is_better","95.79271856561941","95.20131044679208","0.5914081188273315","False"
"MultiCrop-88","dual_none_minus_flat","dual_none","flat","2035","macro_f1_pct","higher_is_better","95.48441185208785","95.1899013453599","0.29451050672794565","False"
"MultiCrop-88","dual_none_minus_flat","dual_none","flat","2026","cross_host_error_pct","lower_is_better","0.2960483974771528","0.3732784142103231","-0.07723001673317031","True"
"MultiCrop-88","dual_none_minus_flat","dual_none","flat","2027","cross_host_error_pct","lower_is_better","0.2960483974771528","0.38615008366585146","-0.09010168618869868","True"
"MultiCrop-88","dual_none_minus_flat","dual_none","flat","2028","cross_host_error_pct","lower_is_better","0.3604067447547947","0.38615008366585146","-0.02574333891105679","True"
"MultiCrop-88","dual_none_minus_flat","dual_none","flat","2029","cross_host_error_pct","lower_is_better","0.2960483974771528","0.270305058566096","0.02574333891105679","True"
"MultiCrop-88","dual_none_minus_flat","dual_none","flat","2030","cross_host_error_pct","lower_is_better","0.270305058566096","0.30892006693268115","-0.03861500836658516","True"
"MultiCrop-88","dual_none_minus_flat","dual_none","flat","2031","cross_host_error_pct","lower_is_better","0.2831767280216244","0.3604067447547947","-0.07723001673317026","True"
"MultiCrop-88","dual_none_minus_flat","dual_none","flat","2032","cross_host_error_pct","lower_is_better","0.2574333891105676","0.2960483974771528","-0.03861500836658516","True"
"MultiCrop-88","dual_none_minus_flat","dual_none","flat","2033","cross_host_error_pct","lower_is_better","0.270305058566096","0.30892006693268115","-0.03861500836658516","True"
"MultiCrop-88","dual_none_minus_flat","dual_none","flat","2034","cross_host_error_pct","lower_is_better","0.38615008366585146","0.3475350752992663","0.03861500836658516","True"
"MultiCrop-88","dual_none_minus_flat","dual_none","flat","2035","cross_host_error_pct","lower_is_better","0.3475350752992663","0.32179173638820957","0.025743338911056735","True"
"Agri-Foundation-145k","dual_none_minus_flat","dual_none","flat","2026","accuracy_pct","higher_is_better","92.2764367618195","91.7943596983575","0.4820770634620004","False"
"Agri-Foundation-145k","dual_none_minus_flat","dual_none","flat","2027","accuracy_pct","higher_is_better","92.155917495954","92.27988016941563","-0.1239626734616337","True"
"Agri-Foundation-145k","dual_none_minus_flat","dual_none","flat","2028","accuracy_pct","higher_is_better","92.40384284287732","92.22134224028098","0.18250060259634893","True"
"Agri-Foundation-145k","dual_none_minus_flat","dual_none","flat","2029","accuracy_pct","higher_is_better","92.24200268585793","92.20068179470404","0.041320891153887374","True"
"Agri-Foundation-145k","dual_none_minus_flat","dual_none","flat","2030","accuracy_pct","higher_is_better","92.31775765297338","91.95964326297305","0.3581143900003383","False"
"Agri-Foundation-145k","dual_none_minus_flat","dual_none","flat","2031","accuracy_pct","higher_is_better","92.05950208326159","92.06294549085776","-0.003443407596165571","True"
"Agri-Foundation-145k","dual_none_minus_flat","dual_none","flat","2032","accuracy_pct","higher_is_better","92.39006921249269","92.19379497951172","0.19627423298096858","True"
"Agri-Foundation-145k","dual_none_minus_flat","dual_none","flat","2033","accuracy_pct","higher_is_better","92.42794669605041","92.29365379980028","0.1342928962501304","True"
"Agri-Foundation-145k","dual_none_minus_flat","dual_none","flat","2034","accuracy_pct","higher_is_better","92.24888950105023","92.20412520230019","0.044764298750038733","True"
"Agri-Foundation-145k","dual_none_minus_flat","dual_none","flat","2035","accuracy_pct","higher_is_better","92.19035157191556","92.29709720739643","-0.1067456354808769","True"
"Agri-Foundation-145k","dual_none_minus_flat","dual_none","flat","2026","macro_f1_pct","higher_is_better","63.01040522488044","61.67776663062916","1.3326385942512786","False"
"Agri-Foundation-145k","dual_none_minus_flat","dual_none","flat","2027","macro_f1_pct","higher_is_better","62.58445352489688","62.81919837471723","-0.23474484982035193","True"
"Agri-Foundation-145k","dual_none_minus_flat","dual_none","flat","2028","macro_f1_pct","higher_is_better","63.40683189712899","62.22770618151643","1.1791257156125567","False"
"Agri-Foundation-145k","dual_none_minus_flat","dual_none","flat","2029","macro_f1_pct","higher_is_better","62.74676147072601","62.53048073265863","0.21628073806737547","True"
"Agri-Foundation-145k","dual_none_minus_flat","dual_none","flat","2030","macro_f1_pct","higher_is_better","63.94648587302233","61.73486421812758","2.211621654894749","False"
"Agri-Foundation-145k","dual_none_minus_flat","dual_none","flat","2031","macro_f1_pct","higher_is_better","62.16976836707288","62.693071350702986","-0.52330298363011","False"
"Agri-Foundation-145k","dual_none_minus_flat","dual_none","flat","2032","macro_f1_pct","higher_is_better","62.59224666063763","63.281094137318014","-0.6888474766803867","False"
"Agri-Foundation-145k","dual_none_minus_flat","dual_none","flat","2033","macro_f1_pct","higher_is_better","64.57816994737742","62.9720845958986","1.6060853514788178","False"
"Agri-Foundation-145k","dual_none_minus_flat","dual_none","flat","2034","macro_f1_pct","higher_is_better","62.922436452669984","62.78877228409956","0.1336641685704265","True"
"Agri-Foundation-145k","dual_none_minus_flat","dual_none","flat","2035","macro_f1_pct","higher_is_better","64.20434829905639","63.72539239566033","0.47895590339606287","False"
"Agri-Foundation-145k","dual_none_minus_flat","dual_none","flat","2026","cross_host_error_pct","lower_is_better","3.0956234289452844","3.501945525291829","-0.40632209634654437","False"
"Agri-Foundation-145k","dual_none_minus_flat","dual_none","flat","2027","cross_host_error_pct","lower_is_better","3.1507179504837985","3.295341069522399","-0.14462311903860048","True"
"Agri-Foundation-145k","dual_none_minus_flat","dual_none","flat","2028","cross_host_error_pct","lower_is_better","3.0370854998106123","3.229916325195413","-0.19283082538480079","True"
"Agri-Foundation-145k","dual_none_minus_flat","dual_none","flat","2029","cross_host_error_pct","lower_is_better","3.1748218036568985","3.353878998657071","-0.1790571950001727","True"
"Agri-Foundation-145k","dual_none_minus_flat","dual_none","flat","2030","cross_host_error_pct","lower_is_better","3.0749629833683416","3.436520780964843","-0.3615577975965012","False"
"Agri-Foundation-145k","dual_none_minus_flat","dual_none","flat","2031","cross_host_error_pct","lower_is_better","3.288454254330085","3.3814262594263282","-0.09297200509624304","True"
"Agri-Foundation-145k","dual_none_minus_flat","dual_none","flat","2032","cross_host_error_pct","lower_is_better","3.105953651733756","3.322888330291657","-0.21693467855790116","True"
"Agri-Foundation-145k","dual_none_minus_flat","dual_none","flat","2033","cross_host_error_pct","lower_is_better","3.0784063909644983","3.2092558796184703","-0.13084948865397195","True"
"Agri-Foundation-145k","dual_none_minus_flat","dual_none","flat","2034","cross_host_error_pct","lower_is_better","3.1541613580799557","3.2471333631761996","-0.09297200509624393","True"
"Agri-Foundation-145k","dual_none_minus_flat","dual_none","flat","2035","cross_host_error_pct","lower_is_better","3.223029510003099","3.2333597327915706","-0.010330222788471843","True"
"NPD-Rice-COCO-43","dual_none_minus_flat","dual_none","flat","2026","accuracy_pct","higher_is_better","99.34640522875817","99.39997857066324","-0.05357334190506435","True"
"NPD-Rice-COCO-43","dual_none_minus_flat","dual_none","flat","2027","accuracy_pct","higher_is_better","99.4535519125683","99.44283724418729","0.01071466838101287","True"
"NPD-Rice-COCO-43","dual_none_minus_flat","dual_none","flat","2028","accuracy_pct","higher_is_better","99.43212257580628","99.4535519125683","-0.02142933676202574","True"
"NPD-Rice-COCO-43","dual_none_minus_flat","dual_none","flat","2029","accuracy_pct","higher_is_better","99.37854923390121","99.48569591771135","-0.10714668381014292","True"
"NPD-Rice-COCO-43","dual_none_minus_flat","dual_none","flat","2030","accuracy_pct","higher_is_better","99.41069323904426","99.34640522875817","0.06428801028609143","True"
"NPD-Rice-COCO-43","dual_none_minus_flat","dual_none","flat","2031","accuracy_pct","higher_is_better","99.41069323904426","99.42140790742526","-0.01071466838099866","True"
"NPD-Rice-COCO-43","dual_none_minus_flat","dual_none","flat","2032","accuracy_pct","higher_is_better","99.39997857066324","99.3035465552341","0.09643201542913005","True"
"NPD-Rice-COCO-43","dual_none_minus_flat","dual_none","flat","2033","accuracy_pct","higher_is_better","99.37854923390121","99.31426122361513","0.06428801028607722","True"
"NPD-Rice-COCO-43","dual_none_minus_flat","dual_none","flat","2034","accuracy_pct","higher_is_better","99.3678345655202","99.50712525447337","-0.13929068895316732","True"
"NPD-Rice-COCO-43","dual_none_minus_flat","dual_none","flat","2035","accuracy_pct","higher_is_better","99.39997857066324","99.41069323904426","-0.010714668381027082","True"
"NPD-Rice-COCO-43","dual_none_minus_flat","dual_none","flat","2026","macro_f1_pct","higher_is_better","98.45892991585819","98.6154722837838","-0.15654236792560994","True"
"NPD-Rice-COCO-43","dual_none_minus_flat","dual_none","flat","2027","macro_f1_pct","higher_is_better","98.57861763651444","98.51935737901817","0.059260257496262625","True"
"NPD-Rice-COCO-43","dual_none_minus_flat","dual_none","flat","2028","macro_f1_pct","higher_is_better","98.43769665655961","98.60670246844033","-0.16900581188072294","True"
"NPD-Rice-COCO-43","dual_none_minus_flat","dual_none","flat","2029","macro_f1_pct","higher_is_better","98.55095634925966","98.7665343109438","-0.2155779616841329","True"
"NPD-Rice-COCO-43","dual_none_minus_flat","dual_none","flat","2030","macro_f1_pct","higher_is_better","98.50906857273606","98.4999683582495","0.009100214486551295","True"
"NPD-Rice-COCO-43","dual_none_minus_flat","dual_none","flat","2031","macro_f1_pct","higher_is_better","98.47014509681607","98.52534956041298","-0.055204463596908226","True"
"NPD-Rice-COCO-43","dual_none_minus_flat","dual_none","flat","2032","macro_f1_pct","higher_is_better","98.47597711382441","98.38208334971831","0.09389376410609884","True"
"NPD-Rice-COCO-43","dual_none_minus_flat","dual_none","flat","2033","macro_f1_pct","higher_is_better","98.4422035338874","98.37823590647518","0.06396762741221096","True"
"NPD-Rice-COCO-43","dual_none_minus_flat","dual_none","flat","2034","macro_f1_pct","higher_is_better","98.36772640178413","98.62931748058313","-0.26159107879900034","False"
"NPD-Rice-COCO-43","dual_none_minus_flat","dual_none","flat","2035","macro_f1_pct","higher_is_better","98.54279872752","98.45235634202555","0.09044238549444117","True"
"NPD-Rice-COCO-43","dual_none_minus_flat","dual_none","flat","2026","cross_host_error_pct","lower_is_better","0.021429336762027216","0.05357334190506804","-0.03214400514304082","True"
"NPD-Rice-COCO-43","dual_none_minus_flat","dual_none","flat","2027","cross_host_error_pct","lower_is_better","0.021429336762027216","0.021429336762027216","0.0","True"
"NPD-Rice-COCO-43","dual_none_minus_flat","dual_none","flat","2028","cross_host_error_pct","lower_is_better","0.021429336762027216","0.03214400514304082","-0.010714668381013603","True"
"NPD-Rice-COCO-43","dual_none_minus_flat","dual_none","flat","2029","cross_host_error_pct","lower_is_better","0.021429336762027216","0.021429336762027216","0.0","True"
"NPD-Rice-COCO-43","dual_none_minus_flat","dual_none","flat","2030","cross_host_error_pct","lower_is_better","0.021429336762027216","0.06428801028608164","-0.042858673524054425","True"
"NPD-Rice-COCO-43","dual_none_minus_flat","dual_none","flat","2031","cross_host_error_pct","lower_is_better","0.021429336762027216","0.06428801028608164","-0.042858673524054425","True"
"NPD-Rice-COCO-43","dual_none_minus_flat","dual_none","flat","2032","cross_host_error_pct","lower_is_better","0.03214400514304082","0.021429336762027216","0.010714668381013603","True"
"NPD-Rice-COCO-43","dual_none_minus_flat","dual_none","flat","2033","cross_host_error_pct","lower_is_better","0.021429336762027216","0.04285867352405443","-0.021429336762027216","True"
"NPD-Rice-COCO-43","dual_none_minus_flat","dual_none","flat","2034","cross_host_error_pct","lower_is_better","0.021429336762027216","0.021429336762027216","0.0","True"
"NPD-Rice-COCO-43","dual_none_minus_flat","dual_none","flat","2035","cross_host_error_pct","lower_is_better","0.03214400514304082","0.03214400514304082","0.0","True"
